clean_text,label
.ما می خواییم دفاترمون رو برای بازرسی نامحدود باز کنیم,0
این یه متلاشی کننده است؟ !فکر کردم یه بزرگ کننده کیره,0
،لعنتی .منشیه دوباره از من زرنگتر بود,0
اره، فیلم بازی کن، می خوام این پیری رو .اسکل کنم و یکم پول ازش بگیرم,0
همه میدونن که ابدارترین میوه ها .از کنار خیابون خریده شدن,0
،وقتی گیر افتادم، انداختم گردن بابابزرگم .نمیدونم چرا اینکارو کردم,0
،نظرت چیه که یه کار بزرگ بکنیم بعد بکشیم بیرون؟,0
،خونه رو بخربد، نخرید، به شما پیشکک شده .نزارید رو تصمیمتون تاثیر بزاره,0
.ببینید، یه خریدار مسمم دیگه - .سلام، من یه خریدار مسمم دیگه هستم -,0
"اون بچه تو فیلم ""جری مگور"" رو یادتون میاد؟ (فیلمی از کامرون کرو محصول 1996)",0
!و مطمئن بشم بالش برای سر بزرگش وجود داره,0
.رستوران خانوادگی ما رو بخرید,0
،تو مزرعه مردی، مردم دارن دنبالت میگردن .مامان هفته ها نمیتونه پیدات کنه,0
‫اون مرد قلب بزرگی داره,0
‫خدایا، مثل یه کلیسای ‫بزرگ قشنگه، مگه نه؟,0
‫کاخ بزرگش توی کاتانیاست,0
‫یه پیانوی بزرگ توی ‫سالن موسیقی هست,0
‫پیترو باهاش سروکله میزنه. ‫فقط اون میتونه، چون بزرگ و قویه,0
‫معجزهست. بدون هیچ دارو ‫و تزریقی اروم شد,0
،قابلی نداشت. میدونی، قهوه خریدن دستگاه شوک استفاده کردن,0
اینو از درک خریدی؟ اره,0
به نظر میاد اونم به حمایت مردونه نیاز داره,0
دوستام بهم میگن دی بزرگه حتما همینطوره,0
امیدوارم یه چیز خفن واسه تم خریده باشی,0
تو که تو نوشیدنی خریدن خیلی خوبی,0
ولی من واقعا تو نوشیدنی خریدن خوبم,0
خیلی بزرگه. اره. اره,0
الکی واسه من فیلم بازی نکن,0
فایل دوربین مداربسته مزرعه رو گرفتم,0
پس دزدکی اومده بوده تو مزرعه ما تا زمین رو بکنه؟,0
درباره مزرعه شنیدین؟,0
پلیسا از زیر زمین مزرعه ما جنازه پیدا کردن,0
یا یکی که یواشکی اومده بوده تو مزرعه,0
قبل اینکه تو مزرعه دوربین نصب بشه دفن شده,0
اخه اونجا قبلا یه چاه بزرگ بود,0
شاید یه صحنه از فیلمی بوده که قبلا دیدم,0
تا زمانی که مثل من این مسئولیت بزرگ ...روی دوشتون نبوده,0
شاید تا زمانی که تکلیف قضیه چاتفا و مزرعه مشخص بشه اینجا بمونم,0
راجب اون جنازه که پلیسا تو مزرعه پیداش کردن شنیدین؟,0
ولی فکر میکنم جنازه یکی از کارگرایی بوده که سالها تو مزرعه کار میکرده,0
جنازهایه که تو مزرعهمون پیدا شده,0
واقعا فکر کردی شرکت به این بزرگی رو میدیم دست خواهرای تو؟,0
اونی که فیلم لختش عین نقل و نبات تو گوشی همه بود,0
میشه سریع یه لایو برای تبلیغ فروش محصولی که مال سارا بوده رو بذاری؟,0
حتی با اینکه کنار هم بزرگ شدیم,0
و مشخص میشه تو چه خانوادهای بزرگ شدی,0
میدونم همیشه هرکاری از دستت بر اومده برام کردی,0
بابام برام مرغ سوخاری میخرید که جشن بگیریم,0
قول میدم حمایت مالی خونه رو گردن بگیرم,0
این چه زر مفتیه داری میزنی؟,0
مهم نیست که چقدر بزرگ باشه,0
[ ارجاع به فیلم «بنبست» از پولانسکی، محصول ۱۹۶۶ :Cul-de-sac ],0
که شلوار پیشبندی زرد تنشه لطفا بیاد به بخش ابزار برقی در راهروی سه,0
« !لطفا حمایت کنید. ممنون »,0
پیامبران ریزهای که توی بستوهای شیشهای بزرگ پر از اب زندگی میکردن,0
ولی هیچ کاری از دست من برنمیومد,0
خب، تا یه خریدار پیدا کنی من همونجا میشینم,0
(تابستان امسال در «تول باکس» (جعبهابزار از تخفیفهای بزرگ حلالها بهرهمند شوید,0
ارجاع به فیلم «سلطان ماروین گاردنز» با ] [ نقشافرینی جک نیکلسن، محصول ۱۹۷۲,0
اون استیوی ...ساعت اضافهکاری برای خودش میزده,0
چند تا فیلم دیگه پیدا کردم,0
اینها رو توی اپارتمان استیوی پیدا کردم,0
چی؟- ...باید میدونستم اگه استیوی-,0
استیوی با این مرد رابطه داشته,0
چیز دیگهای در مورد اون یکی شماره که روی گوشی دوم استیوی پیدا کردین، به دست نیومد؟,0
...فهمیدیم از کجا خریده شده,0
یه سرنخ جدید در مورد پرونده استیوی پیدا کردیم,0
دارم استیوی رو از دست میدم,0
مارک ژیلت، ارزون نیست شاید استیوی براش خریده,0
که توی تصاویر دوربین امنیتی استیوی رو بغل کرد,0
اخه چرا استیوی باید ...شماره دومـش رو بده به,0
استیوی اون رو میشناخته,0
مرتبط با قتل سربازرس جکی استیونسون در ماه اکتبر بود، منتشر کرد,0
4تا عکس دیگه در کنار استیوی,0
و این یکی، همراه استیوی 4هفته قبل از اینکه کشته بشه,0
یه ماه قبل از اینکه استیوی بمیره اون مرد اومد اینجا,0
و بعد، وقتی استیوی ...افسر پلیس شد,0
استیوی اون مرد رو میشناخته,0
استیوی هیچوقت راجعبه اون با تو حرف نزد؟,0
من هیچوقت چیزی درباره استیوی نمیپرسیدم,0
یکی از بزرگترین ناپدید شدنها,0
...و بعد استیوی عصبانی شد,0
استیوی گفت که همچین کاری کردی,0
...اگه استیوی توی یه رابطه بوده,0
...این شبیه دریاچه کنار خونه مادربزرگم نیست,0
...چون اخرین باری که استیوی رو دیدم,0
...مادربزرگم بهم شکلات داغ و نان میداد,0
"...مادربزرگم بهم شکلات داغ و نان میداد""",0
چهقدر بااحساس سربازرس,0
تا روزی که مادربزرگت مرد باری روی دوش اون بودی,0
چرا بهم نگفتی که استیوی میخواسته باهات صحبت کنه؟,0
استیوی بهم گفت که یه روزی همدیگه رو میبینیم,0
استیوی داشته بهش کمک میکرده؟- اره-,0
...هر چیزی که استیوی واردش شده بوده,0
اما قبل از این ان تبریک میگوییم ... به بازرس دریک و همکارانش,0
این سامانهی ارتباطی به بازرس ... و همکارانش امکان میده,0
اسم این دستگاه رو چی گذاشتین بازرس؟,0
بازرس دریک، اینطور که از نظرات رییس جدید شما در اسکاتلندیارد مشخص میشه,0
ایرادی نداره دربارهی موضوعهایی کمی سطح پایینتر ازتون سوال کنم بازرس دریک؟,0
کلی بار باید تخلیه بشن جناب بازرس ...,0
از این طرف جناب بازرس,0
نه! من فقط میگم مسئول اسکله تو جزر و مد شبانه یه شناور پیدا کرده,0
این منشی ... نوکر ملکه (لفظ منشی در هندوستان برای وزرا و مدیران حکومتی استفاده میشد),0
و جزر، کمی بعد از ساعت نه ...,0
این دو جریان، فرایندی ایجاد میکنند به نام فرسایش جزر و مدی,0
میدونی ادموند، بودن تو اینجا ... برای ما مزیت بزرگی بوده,0
خانهی او اینجاست بازرس,0
اما من دیگه بچه نیستم، بزرگ شدهم,0
اما تو بودی که گفتی اونا اجازه ... میدن پسرم رو بزرگ کنم,0
بله بازرس - ... چقدر خوندنی برای -,0
به زودی کارم به اونجا هم میکشه بازرس,0
ایشون بازرس کنستانتاین هستن,0
بازرس دریک هم همراه ما میان اقای کنستانتاین,0
از کشوری که بزرگشون کرده، ایراد میگیرن؟,0
عدد بزرگتر رو به عدد کوچکتر تقسیم میکنیم,0
(نسبت طلایی یا عدد فی، در ریاضیات و هنر وقتی رخ میدهد که نسبت) (بخش بزرگتر به بخش کوچکتر، برابر با نسبت کل به بخش بزرگتر باشد),0
والری بعدازظهر رفت پیش پدربزرگش,0
عقاید افراطی موجب اقدام افراطی میشود بازرس,0
اما فهمیدم همهی هندیها با زردچوبه زیاد سروکار دارن,0
گردن اون رو بریده، اغشته به زردچوبه بوده ...,0
برای فراهم کردن حمایت قانونی قوی ... و گسترده در این کشور از کارگران,0
تمام اون کارگرها ممکنه در تخلیهی محمولهی زردچوبه کمک کرده باشن,0
دستور از بالا اومده بازرس دریک شخص وزیر امور مستعمرات، اقای چمبرلین,0
خبر رو به بازرس دریک اطلاع بده,0
کسی که قبلا بازرس بوده,0
کشت و کار، نقل و انتقال، خرید و فروش,0
کنار رودخانه بزرگ شدی، اما نمیدونی چطور باید یه جنازه رو,0
اونوقت جزر و مد هم کمکت میکنه ...,0
... غریزهی شما درمورد الگوهای جزر و مد,0
زندانی در اختیار شماست بازرس,0
این پسر تو نوانخانه بزرگ شده,0
لطفا همراه من بیاین قربان بازرس دریک منتظرتون هستن,0
اگستس فکر نکنم بازرس رید رو دیده باشی,0
بازرس رید هستم، از کلانتری خیابان لیمن,0
حالا متوجه شدم دلیل علاقهی شما به این ماجرا چیه بازرس رید,0
معلومه تو نوانخونه بزرگ شده .. مگه نه بچه؟,0
بازرس دریک ... این وقت شب اومدنت نشون میده برای صحبت دوستانه نیومدی,0
من برای مخالفت با شما کاری نمیکنم بازرس دریک,0
اون تو نوانخانه بزرگ شده,0
میبینید بازرس دریک یه مرد بیگناه رو دستبند زدهن,0
بازرس دریک شما چطور اجازه میدین این دیوانه این طور عقدهگشایی کنه؟,0
یه کمد خیلی بزرگ پر از اینهاست، صدها قوطی,0
اولین بار نیست که بازرس رید مشاعرش رو از دست میده,0
بازرس دریک ... بازرس رید,0
چه برای تخلیه ایجاد شده باشه چه برای تزریق,0
بعد برای مردن من، عذاب ... وجدان میگیرین جناب بازرس,0
لقب «مرد فیلنما» البته نتیجهی ... بزرگنمایی کسانی بود که,0
شنیدم دیگه بازرس نیستین، درسته؟,0
متاسفانه هنوز بازرس هستم، این درسته,0
اه ... اقایون بازرسها,0
فکر کنم باید بریم زندان نیوگیت، بازرس,0
خلاص شدن از شر پسماندههای زندان، در شرح وظایف و مسئولیت من نیست بازرس,0
... مثلا تزریق خون اشتباه,0
به نظرم هیچگناهی اینقدر بزرگ نیست که برای نجات بچه، نشه انجامش داد,0
لطف میکنین جناب بازرس,0
تلگرامه؟ - بله قربان، از پلیس فرانسه -,0
من یه مدت تو اسکندریه خدمت کردم (بندری در ساحل مدیترانه و دومین شهر بزرگ مصر),0
میخوای اینجا رو برای یه روز رزرو کنی؟,0
‫-خائنهای بزرگ! ‫-گمشید بیرون!,0
‫جاست رو یه شرکت دیگه خرید،,0
‫یه برنامهـس تو گیونگیدو ‫که از ورزشکارا حمایت میکنه,0
مجبورم زره زنجیری رو از رو تنت ببرم,0
نوک نیزه حلقههای زره رو تو گوشت تنش فرو کرده,0
!اون زره رو در بیار. الان,0
اون که برندن فریزر که نیست,0
من وقتی از تو حمایت میکنم یعنی از کایل حمایت میکنم,0
و من از اینکه بعدش بریم یه ناهاری بخوریم هم حمایت میکنم,0
من امیدوارم که شرکتم از من به عنوان یه عضو جوان حمایت کنه,0
[ بزرگسالان ] [ فصل اول : قسمت دوم ],0
خب بیلی با سمیر بزرگ شد، و بعدش منو سمیر باهم رفتیم دانشگاه,0
و ما میریم روده بزرگو بررسی میکنیم,0
««رفتار نامناسب با سوپروایزر»»,0
[ بزرگسالان ] [ فصل اول : قسمت سوم ],0
من شمارتو میگرفتم و برات تفنگ میخریدم,0
سلام، رفقا میخواید یه شاتگان بخرید؟,0
یه تفنگ بزرگ، با قیمت مناسب - دیوونگیه -,0
[ بزرگسالان ] [ فصل اول : قسمت چهارم ],0
اره، خیلی مهمه یه سویشرتم خریدم,0
[ بزرگسالان ] [ فصل اول : قسمت هفتم ],0
فکر کردم اونو وقتی داشت از تیم شنا فیلم میگرفت، مچشو گرفتن,0
‫- یه جنگل ‫- یه جنگل بزرگ و تاریک,0
‫همون محلهای که کایل اسمیت ‫توش بزرگ شده,0
‫درسته، پس لازم نیست الکی بزرگش کنی,0
نوشته بود حدودا تا شش ماه بعد از خرید,0
تا شش ماه بعد از خرید پولی پرداخت کنی؟,0
.مثلا برای من دوشنبهها زردن,0
.بله، و اونیکی هم بزرگسال بود,0
،تا وقتی یه خرده بزرگ نشن تشخیص داده نمیشن,0
اون برای حدود چهار دهه هرسال یک فیلم ساخته,0
بسیاری از فیلمهاش خیلی سریع جزو فیلمهای کلاسیک شدند,0
شاید اون حتا مجبور نبود فیلمنامههاش رو برای تایید ارائه بده,0
خیلی قبل از اینکه منتقد فیلم باشم,0
یکی از اولین فیلمهایی که یادم میاد دیدم,0
فیلم وودی النی که من بیشتر از همه دوستش دارم,0
من درحالی بزرگ شدم که خیلی به وودی الن احساس نزدیکی میکردم,0
دربارهی یک فیلمساز میانسال,0
که باعث میشه نسبت به اون احساس گرمی داشته باشید و حمایتش کنید,0
این منشا بزرگ همدلیه درسته؟,0
بهترین راه برای به دست اوردن حمایتشون برای همیشه هست,0
نباید من فیلم ساختن رو متوقف کنم,0
و بعد ما یه کودک بزرگتر رو به سرپرستی گرفتیم سونیی,0
یک حولهی بزرگ قرمز رو اویزوون میکردم,0
باید بزرگ و بلند انجامش بدی. امادهای؟,0
اگر نه، خودش بزرگش میکرد,0
وقتی یه خونهی ییلاقی خرید,0
تابستونا یه رودخونهی بزرگ و زیبا داشتن,0
و اون یه دوربین بزرگ فیلمبرداری جدید داشت,0
و همیشه از بچهها فیلم میگرفت,0
من تا نیمه شب بیدار موندم و بخش لباس فیلمم رو,0
باهاش بازی میکردم بینهایت اسباببازی میخریدم,0
یکی از پسرای بزرگ میا,0
اون پدر من بود و داشت ما رو بزرگ میکرد,0
و ما سر دوست داشتن فیلمهای ژانری ارتباط میگرفتیم,0
اون برای من تمام فیلمهای,0
که قدم بزرگیه اما وقتی که تراپی میرفت,0
این داستان دو تن از بزرگترین ستارگان جهانه,0
به دنیا اومدن در یک خانوادهی بزرگ و درحال رشد,0
عاشق اینم که عضوی از یک خانوادهی بزرگ باشم,0
یک فیلمساز و کارگردان بود,0
یک خانوادهی بزرگ میخواست چون اون اهل ایرلنده,0
وقتی 13 سالم بود، بزرگترین برادرم در سانحهی هوایی کشته شد,0
که تعداد قابل توجهی از فیلمه که با کسی ساخته بشه,0
این فیلمها از درام به کمدی متغیر هستند,0
بابراین این زمان مهمیه برای وودی تا فیلم بسازه,0
فیلمهاش مورد علاقهی منتقدینه,0
بدون وودی چون الان میتونم این فیلمها,0
اون هربار که یک فیلم شروع میشد خیلی میترسید,0
اگر دوستدخترش نبود توی فیلمها حضور نداشت,0
"جایی که میگفت ""میا در این فیلم عالیه، یا چیزی شبیه این""",0
"در فیلم بعدی ""سپتامبر""",0
فکر میکردم اون داره لطف بزرگی بهم میکنه,0
اون کوچکترها رو میبرد خرید و براشون چیز میخرید,0
همونطور که گفتم هواپیما میخرید حقههای جادویی,0
من درحال فیلمبرداری شوهران و زنان هستم,0
و من فیلم مهر هفتم رو میذارم,0
فیلم برگمن تمام میشه,0
یه نقشی رو بهش در فیلمش داد,0
کمی حمایت و مهمتر از همه کمی عشق,0
میا منحصرا در فیلمهای اون بازی میکرد,0
برای همین ادامه داد به بازی در فیلم ادامه داد,0
یه جورایی، باید برگردم و اون فیلم رو تمام کنم,0
تو اتاق دخترا بودم اتاق دخترای بزرگ,0
دارم یک فیلم بد با یک بازیگر بد تماشا میکنم.,0
در مدرسه افتضاح بودم، شغل بزرگی نداشتم.,0
منم. کلی چیز از بازار خریدم.,0
.یکی از بزرگترین فروشنده های تشک تو شهرمونه,0
".تو فیلم ""بی خوابی در سیاتل"" رو داره",0
"!""مثل فیلم ""هویت بورن",0
.دارم میگم به این بزرگی بود,0
".""به جز تو فیلم های ""کریستفر نولان (کارگردان سه گانه بتمن)",0
باورم نمیشه استلیو کانتوس .بزرگ رو ملاقات کردم,0
.من بزرگترین فرصت شغلی رو در تاریخ بهت دادم,0
فقط یه پاساژ بزرگ خریده؟,0
هی میتونی به یه خیارشور بزرگ با قسمت های دخترونه تبدیل بشی؟,0
"!خودم همین حقه رو تو فیلم ""همبرگر خوب"" زدم",0
.پس شروع کرد به خرید کردن,0
و به نظر میاد داریم به اختتامیهی بزرگش نزدیک میشیم,0
تو مزرعهی حیوونات خونگی بزرگ شدی؟,0
نه پسر. من تو بزرگترین مزرعهی ایووای شمالی بزرگ شدم,0
اون سازهی بزرگ لعنتی,0
کاری از دست من بر میاد؟,0
بزرگترین فداکاری که همهمون انجام دادیم نامنویسی واسه این ماموریت بود، برنی,0
.این میتونه خیلی بزرگ و مهم باشه,0
‫- اگه منفجر بشه چی؟ ‫- خب، اگه بزرگ باشه، هر دوتامون میمیرم,0
‫لحظهای که اورانیوم غنیشده به خریدار برسه، ‫خودمون وارد عمل میشیم. و تمام,0
‫بمب مارک ۸۰، با هدایت لیزری، ۹۱ کیلوگرم,0
،خب، کارتل بزرگ راه های 10 رو کنترل میکنن,0
اگه منفجر شه چی؟ - خب اگه بزرگ باشه، هردومون میمیریم -,0
لحظه ای که اورانیوم غنی شده به خریدار برسه، خودمون وارد عمل میشیم و تموم,0
بمب مارک 80، با هدایت لیزری، 91 کیلوگرم,0
‫اورانیوم غنیشده رو تا وقتی ‫که به دست خریدارها برسه دنبال میکنیم,0
‫ما رو به خریداران جهادی میرسونن,0
‫اصلا نمیدونیم این «خریدارها» ‫ممکنه کجا باشن؟,0
‫فکر میکنه یه خریدار جهادی وجود داره,0
‫بازدیدت از انبار یه اشتباه بزرگ بود,0
.اوه، اون زرافه دیوونه رو ببین,0
.من برای اسباببازیهای بچه گونه زیادی بزرگم,0
به زودی، میتونیم بزرگترین مجموعه,0
اره! مردم گفتن که من ،بزرگترین، زیباترین,0
.اینجوری نیست که نخوام بزرگ بشه,0
!من انجامش میدم، حمایتم کنید,0
!پوشکهای بزرگسال، الان کمکم کنید - .تله بت رو اماده کن، رابین -,0
!من نگران یه تهدید بزرگترم. الیشا، هیچ چیز کوسهایای نه,0
خب، همیشه میتونیم .از بابابزرگ کمک بخوایم,0
ما بمب حمام، شمعهای معطر ...و یه شاخ پر از شکلات خریدیم,0
این یعنی میخوای کمک کنی؟ - .نه. منم تو بازی راه بده، بابابزرگ -,0
جوون، تو داری پیشنهاد میکنی ،من زره ازمایشی,0
اگزو-بت ضعف داره؟ چیه؟ کریپتونایت؟ رنگ زرد؟,0
".اما امروز یه روز بزرگه ""روز رفتن به سر کار با بزرگترها""",0
این خبر خیلی بزرگیه. خیلی بزرگ,0
باشه. برو واسه خودت یه فیلمبردار جدید پیدا کن,0
یه پروندهی راکده که صاف از تو فریزر دراومده,0
"یا بابابزرگ باتلاقی، یا همون ""پدرخواندهی باتلاقی""؟",0
اینطوری نگو. ولی خب یه فیلمبردار جدید لازم دارم,0
به این زودی فیلمبردار جدید؟,0
من از این فیلم میگیرم,0
بعد از این همه سال حمایت کردن ازش,0
روباه معمولیه ولی با گوشهای بزرگتر,0
پس از کجا میدونی روباه فنک گوشهای بزرگی داره,0
که یه ضربه بزرگ به پورت ون وارد میکنه,0
و توش گفته بود که ضرباهنگهای احساسی رو دنبال کنید,0
داشتم فکر میکردم میتونیم، میتونیم از پشت پنجره فیلم بگیریم,0
خب، این «ولف بلیتزر»ه,0
خب، گفتم که اون ولف بلیتزره,0
ولف بلیتزر. از این یکی خوشمون نمیاد,0
باشه. ولی عاشق ولف بلیتزریم,0
ما عاشق ولف بلیتزریم,0
خریدار داره خونهی سارا رو میبینه,0
خب، کی میخواد توی فیلم بازی کنه؟,0
نگران نباش وقتی مزرعمون رو توی باربادوس ساختیم ، خبرت می کنم,0
اقای بلک ادر اینایی که شنیدم چیه درباره ی این که لباس حموم خریدی,0
می دونی ، من بزرگترین هوادار سایه ام اره ، فقط بازم کنم بالدریک,0
تنهام بزار بالدریک . اگه می خواستم با یه سبزی حرف بزنم می رفتم از بازار می خریدم,0
... قیاک ... خون ... کاسه ی بزرگ سوپ ... تصاحب به حق تخت پادشاهی,0
ارزش دوستی ما با من تموم میشه و من مثل نوارهای بزرگ می برمت,0
و به شاهزاده میگم که از بین تیغهای بزرگ کشتارگاه با کلاه سنگینی که سرت بوده داشتی رد میشدی,0
ببخشید قربان باید با مردم تحت حمایتم حرف میزدم,0
من شنیدم که پدرتون خیلی عجیب بزرگ شده,0
به خاطر اینکه هیچ کافی شاپی توی لندن اینقدر بزرگ نیست که دوتا بلک ادر تویش جا بشن,0
چی به من میرسه اونوقت ؟ پول کافی برای خرید جزیره اتر هبرید (جزیره ای در اسکاتلند),0
سینه هایش لختن و هر کدومشون یه بچه ی هشت پوندی رو حمل می کنن (یعنی بزرگن),0
خواب دیدم که یه عقاب بزرگ سه بار توی اتاق چرخیده,0
و بعدش دیدم که اون اصلا یه عقاب نیست بلکه یه مار بزرگ و سیاهه (منظورش بلک ادره احتمالا),0
تا سرمایه ای باشه برای بنگاه بلک ادر برای تبلیغ صلح,0
افتخار باعث خشنودیه خدا حتما برات بزرگی قرار داده,0
اره اون ضعیفه بزرگ رو شناختم,0
امشب یه ستاره ی جدید توی اسمونه یه خال جدید روی نوک دماغه یه پری بزرگ,0
".بند کنم رو مغازهدارا الکی ""سلام بزرگوار""",0
.این خیلی تغییر بزرگیه,0
ببین کی اینجاست خانم کوچولوی بزرگ من,0
رهبری من امروز تحت یک .ازمون بزرگ قرار داره,0
.اسم مادربزرگ منم همین بود,0
کلاه فروشی؟ -خرید برا کلاه. (دختره اوسکوله),0
دختر کوچولو بزرگ من اینجاس,0
اوه زر زدن بسه بیاین,0
اسم مادر بزرگه من بود,0
مادفلپ یه فشار بزرگ بده -اوکی,0
...ولی اینجا تو تلگرام گفته بودی,0
خواننده و بازیگر بزرگ، کوئین لطیفه,0
.بذارین بهتون چندتا «کارت رزرو» بدم,0
همین الان بهمون شکلات تختهای .با سایز بزرگ داد,0
.براشون لهجه فرانسوی دانلود کن,0
،تو تلگرام یا واتساپ بهم پیام بدین,0
گل نیلوفر به این بزرگی رو از کجا اوردن؟,0
چی باعث شده این همه راه رو تا اینجا بیاین، مادربزرگ؟,0
معذرت میخوام، مادربزرگ,0
شاهزادهی بزرگ جینمیونگ,0
شاهزادهی بزرگ جینمیونگ؟,0
(شاهزاده بزرگ جه سان، سرپرست ساونگ وون),0
!این غذاییه که واقعا برازنده مینگ بزرگه,0
یه بار بعد از چشیدن غذایی که مادربزرگم درست کرده بود و,0
میگن که شما غذای مادربزرگشون رو,0
چون نتونستن چیزی بهتر از غذای مادربزرگشون درست کنن,0
غذایی که مادربزرگتون براتون پخته بودن هم احتمالا,0
(محل اقامت شاهزادهی بزرگ جهسان),0
،اعلیحضرت با شاهزادهی بزرگ جینمیونگ,0
اعلیحضرت فردا ناتسورا رو به همراه شاهزادهی بزرگ جینمیونگ صرف میکنن,0
اینجا جاییه که با شاهزادهی بزرگ جینمیونگ غذا میل میکنین؟,0
پس لطفا شوخی کوچیک منو با بزرگواریتون ببخشید، اعلیحضرت,0
شاهزاده ی بزرگ جینمیونگ در استانه ی مرگ هستن,0
اتفاقی که برای شاهزاده بزرگ جین میونگ افتاد مرتبط میشه,0
اما ملکه ی بزرگ و بستگان هان ایشون,0
‫واقعا خیلی متاسفم، بازرس.,0
‫میدونستی اون وقتا، از منجنیقهای بزرگ استفاده میکردن,0
‫یه کلاه نو خریده بودم.,0
"""‫داریم میریم سینما، فیلم ""ساندرا داریک .رو دوباره تو سینما ریالتی نمایش میدن",0
‫ولی رد بزرگترش هنوز واضح مونده.,0
ازتون میخوام اونو حمایت کنید نه اینکه شرمندهاش کنید,0
قراره فضای بزرگ و شیکی داشته باشی,0
شاید زردی طلوع خورشید انسان رو امیدوار کنه,0
و واضح بگم ؛ من فیلم های سیاه و سفید رو دوست ندارم,0
بزرگ به نظر میرسی ؛ پسرم,0
برای تولد خرید می کنم,0
بلیزر کامارو کوروت ؛ کوپه,0
بابابزرگ یه قدم به عقب ؛ یه قدم به عقب,0
بابابزرگت روی دستش میزد,0
بابابزرگ باید با من با امبولانس بیاد,0
اما من تمرین بزرگ شدن زیادی داشتم,0
بابابزرگش اینجا تو بیمارستانه,0
گوشی پزشکی اسباببازی که مادرم وقتی بچه بودم برام خرید,0
پس تو یه خواب سکسی درباره کتی دیدی موضوع بزرگی نیست,0
‫تو رادیو گفتن «کری درونم فعال شده» ‫(اشاره به فیلم ترسناک کری),0
‫پاورز، من چی دارم زر میزنم اینجا؟,0
‫ببین، یه ویدیوی تبلیغاتی درستحسابی,0
‫خب... چطوره تو خونه تو فیلمبرداری کنیم؟,0
‫رو به انگلیسی روان ترجمه کنه,0
‫من امروز فیلمها رو نگاه میکنم,0
‫من دوباره این فیلمهای داون سوم رو نگاه میکنم,0
‫میخوان یه ناهار کلیشهای و لوس فیلمبرداری کنن,0
‫شوخی میکنم. قرار نیست انسی17 باشه ‫(فیلمهای بالای 17 سال),0
‫ولی فیلم بازیش رو نگاه کردم,0
‫اره، قبلا همه فیلمهای کشف بازیکن,0
‫اوه! میخواستم ایده یه فیلم ‫رو بهت ارائه بدم,0
‫فیلم بیوگرافی کریس بنوا,0
‫فیلم «روزهای تندر». خفن. خفن,0
‫- فیلم خوبیه ‫- خیلی خوبه,0
خب پس این چیه؟ فیلم جناییه؟,0
پس اگه توی واقعیت هم اینطوریـه مشکل بزرگـی نیست,0
خرید کردن چقدر انرژی میگیره,0
کجا میری؟ سوسیس خریدم,0
برای نویسنده ای که عشق رو میشناسه ، تا ابد دوستت دارم - داستان ادمـو میخکوب میکنه ، تصاویر هم روشنـه - اون بزرگترین نویسنده ی زمان ماست,0
اینـو برای خودت که نخریدی نه؟,0
. از دو هفته پیش جا رزرو کردم,0
اره سس مایونز هم خریدم,0
برای همین کشاوزرایی که سرمایه ـشون کمـه ورشکست میشن یا شغلـشون عوض میکنن,0
ولی با وجود بزرگیشان، انها بطور تکاندهندهای باریک هستند,0
زحل ما بوسیلهی دوستداشتنیترین، بزرگترین,0
او همچنین بزرگترین قمر زحل را کشف کرد,0
و بعد، نوع دیگری از دانشمندان بزرگ نیز هستند,0
تا وقتی که اگاهی بزرگی در مورد,0
قدرت بزرگ علم را تشخیص داد,0
کاسینی لکه سرخ بزرگ مشتری را بدون ارتباط,0
ما همه فکر میکردیم که فرانسه خیلی بزرگتر از مطالعات ما باشد,0
پادشاه با شوخی خوب و بزرگش همه را غافلگیر کرد,0
کاسینی حفرههایی بزرگ در فهم ما از زحل را پر کرد,0
اصل و نسب بزرگترین دستاوردهای انسانی,0
او با مادربزرگش زندگی میکرد و با وجود سختی بزرگ,0
پس چالش کوندراتیوک این بود تا بزرگترین,0
"به قدری در اخر بزرگ شد که اسمش را ""ماستودون"" گذاشتند",0
برای رسیدن به ماه به یک موشک بزرگ قدرتمند نیاز است,0
خم کردن گرانش برای نیاز انسان در مقیاسی اندکی بزرگتر را داشت,0
در زمان که خیزش بزرگ امونیاک به نزدیکی قطبها میرسد است,0
ما بزرگترین خاطراتمان را در ذهنمان مرور میکنیم,0
او با این نیروهای بزرگ با تلاش برای,0
‫میان پلک او عبور کرده و ‫منجر به دیدن یک دایره بزرگ و پهن ابی میشود.,0
‫با توجه به درد، شاید ‫نتیجه خیلی بزرگی نباشه,0
‫بزرگی نیوتون از جایی نشات گرفت ‫که به چرا و چگونگی,0
‫کریستیان هویگنس توی ذهنش ‫طرحی برای فیلم داشت,0
‫همراهم به سمت بزرگترین معمای ‫تاریخ علم بیایید.,0
‫که نیوتون، بزرگترین نابغهی ‫تاریخ علم، نصفه درسته میگفت.,0
‫قوانین مرموز این کیهان متناقض ‫عمیقا اون رو ازرده کرد.,0
‫اینها 2سوال بزرگ بیجواب ‫در علم هستند.,0
‫این سوالات، ذهنی به بزرگی انیشتین را ‫در تمام عمرش درگیر کرد.,0
‫فیلمنامهای که حدود ‫14میلیارد سال قبل,0
‫یک توری مشبک 3بعدی ‫از نور لیزر,0
یکی از بزرگترین دانشمندان جهان شد,0
این دستاورد بزرگی بود ولی ماری و پیر,0
ماری کوری نام این پدید جدید رو رادیواکتیویته گذاشت,0
‫در حال تزریق شدن ‫به جریان خون این سگ,0
‫تا بزرگسالی مراقبت میکنیم.,0
‫سیر تکامل پیاپی مغزهای بزرگتر در میان,0
‫جامهی پرزرق و برقی رو که فقط یک ‫امپراطور حق پوشیدنـش رو داشت به تن کرد،,0
‫زمانیـکه وزرای اشوکا در مقابل ‫فرمانـش برای قطع کردن,0
‫اما این بزرگترین خشونت اشوکا نبود.,0
‫پدربزرگـش را به اتمام برساند.,0
‫و شفقت رو تبلیغ میکرد.,0
‫ستونها در محل بزرگترین جنایاتـش بنا کرد،,0
‫به موقع داستانی بزرگ از دوران بچگی,0
‫باور کردن اینکه زمانی همهی این بزرگی ‫دریایی از اتش بوده سخته,0
‫برای فهمیدن مقیاس زمانی بزرگ کیهان,0
‫و توپهای سنگی و یخی بزرگی که ‫با تماس اتشین منفجر میشدن,0
‫سواحل، میزبان بزرگترین ‫امواج جزرومدی بودند,0
‫مغز بزرگتری نسبت به ما داشتند,0
‫و گیاهان بزرگتر، قادر ‫به انجام این کار نیستند.,0
"‫یا ""سوکی"" مانند پدر و پدربزرگش ‫میخواست دکتر بشه.",0
‫یک پیشگویی بزرگ و تراژدیک گرداوری بکنه.,0
‫جامعه بزرگتری از دانشمندان اقلیمی ‫پیشبینی,0
...میدونی من ازش حمایت می کنم ؛ میدونی,0
مثلا، من با تماشای کوین دورانت بزرگ شدم,0
برای اینکه عملی بشه همه بچه ها باید حمایت کنند و این کارو کردند,0
فقط بهش گفتم هر کاری ازم بخواد انجام میدم,0
و یک درگیری وجود داره ، و اوراموویچ در اوج اسمانهاست,0
این بزرگترین امتیازاور تاریخ بسکتبال بینالمللیه,0
ما میدونیم چه کاری ازمون ساخته است فقط میریم بیرون و انجامش میدیم,0
من وقتی در حال بزرگ شدن بودم همیشه در حال دیدن ورزشکاران بودم,0
و در حال بزرگ شدن که بودم دور و بر اون سبک زندگی بودم,0
همین الان، این بزرگتر از هرکدوم از ماهاست,0
احتمالا یکی از بزرگترین بازیهاست,0
ما گروه بزرگی از بچهها داریم که به اون بیرون برند و تاریخ بسازند,0
من الان توی تیمم، بزرگترین فردم,0
الان قراره پسرهای بزرگی در بسکتبال باشید,0
و ما اونقدرها بزرگ نیستیم,0
یک پرتاب بزرگ- لسورت با پایان کار-,0
اینجا وطن اونه اون چندتا بلوک دورتر از اون زمین، بزرگ شده,0
اوراموویچ حق داره ؛ ما برای مدال برنز تلاش میکنیم,0
حتی بزرگان اونا ؛ لبرون در چهل سالگیه ؛ استف کری ۳۶ سالشه,0
کشور میزبان فرانسه، در مقابل ایالات متحده بزرگ و بد، قرار گرفت,0
در مقابل شاید بزرگترین بازیکن تاریخ، بزرگترین گارد راس تاریخ,0
گورشون یابوسله، تنبیهکنندهی بزرگ در میدان بازی,0
احساس می کردیم که ومبانیا قراره بازی بزرگی داشته باشه,0
بازیکنان بزرگ، بازیهای بزرگی انجام میدند و لحظه رو درک میکنند,0
این یکی از بزرگترین لحظات تاریخ بسکتباله,0
اونا ۱۲ تا ۱۴ سال از حریفان ما بزرگتر هستند,0
‫نه برای سرنگونی شوهرم ‫که بازرگان اعظم این صنفه,0
‫یا میل صنف که بازرگان اعظم رو متقاعد میکنه,0
‫حمایت ثابتقدم اونها ‫سوداوری صنف رو تضمین کرده,0
‫بازرگان اعظم قبلی، با صنف ادامه همکاری دادن,0
‫بنابراین، فرض میکنم که متمایل ‫به حمایت از شما هستن، بانو,0
‫به دیدن عموی بزرگت برو,0
من به قضاوت شما اعتماد دارم، بازرگان اعظم شیم,0
عالیجناب، من اشتباه بزرگی کردم,0
‫عموی بزرگت مردی سختگیر ‫و بااصوله,0
به عنوان یه بزرگسال نتونستم تشخیصش بدم,0
چون وحشتهای بزرگتری رو تحمل کردم,0
...توی اون چاه بزرگ و تاریک,0
‫ترس بزرگتری رو تجربه نخواهم کرد,0
‫هم من و هم پسرم در خطر بزرگی هستیم ‫واقعا در معرض اسیبیم,0
‫اما دستور استاد بزرگ ‫فقط محافظت از بانو بود,0
‫وقتی از خونه عموی بزرگمون برمیگشتیم ‫زخمی شده بود,0
همهی خریدارهامون باهامون قطع رابطه کردهن؟,0
خریدارهامون اعتمادشون رو ...نسبت به ما از دست دادن,0
...بازرگان اعظم! ارباب پارک,0
وقتی دید بازرگان اعظم بدون حرفی ...مسئولیت جرمش رو بهعهده گرفته,0
حالا، خریدارانی که بهخاطر این سوءتفاهم اشکار ...علیه شما موضع گرفته بودن,0
بهعنوان مترجم اومده و در تجارتشون کمک میکنه,0
توی گانگنونگ بزرگ شده,0
کجای گانگنونگ؟ کی بزرگش کرده؟ چهطوری بزرگش کرده؟,0
‫این به هر دو طرف دلیل کافی میده ‫تا از باطل شدن ازدواج حمایت کنن,0
‫که بازرگان اعظم شیم ‫هیچ جا پیداش نیست؟,0
‫من از بازرسی تدارکات قصر برمیگردم,0
‫بازرگان اعظم اخیرا وارد ‫یه میخانه زنان شده,0
‫گفته میشه که بازرگان اعظم شیم,0
‫مگه اون یه مترجم از چینگ نبود؟,0
‫اون برادر بزرگتر کوتنیمه,0
‫ولی بزرگ شدم. ازش خسته شدم,0
‫- مال پدربزرگم بوده ‫- عه، چه قشنگ,0
‫و من بزرگترینم، پس...,0
‫میدونی، یجورایی میشه گفت ‫خودم بزرگشون کردم,0
‫حدودا همون موقع بود ‫که با اتاق بازرگانی جوانان اشنا شدم,0
‫باشگاه اجتماعی؟ ‫ اتاق بازرگانی جوانان تو کار سیاسته,0
‫فیلمهای استگ دوست داری؟ ‫(فیلم پورن غیرقانونی),0
‫برای ریاست اتاق بازرگانی ‫ جوانان واترلو نامزد بشم,0
‫و ادم بدا رو بگیرم، میدونی؟ ‫مثل توی فیلمها,0
‫کاری از دستم برنمیومد,0
‫خریدهای مردم رو بذار توی کیسه ‫برام مهم نیست,0
‫کاری از دستم برنمیاد,0
‫و مامانبزرگم شروع کرده بود ‫ازم کرایه خونه میگرفت,0
‫چه زری داری میزنی واسه خودت؟,0
با وجود اجارهای که باید به مامانبزرگت بدی ،و همینطور چهار دلاری که بهش بدهکاری,0
.خونهی بزرگی داره، داداش .اگه بری اونجا مثل شاهزادهی قصر میشی,0
‫درست بعد از نیمهشب ‫با تزریق کشنده اعدام بشه,0
‫باشه. دیگه داری بزرگنمایی میکنی,0
‫کاری از دست من برنمیاومد,0
‫هر کاری از دستمون برمیاومد ‫براشون انجام دادیم,0
‫به ایالتهای غرب میانه داشتیم ‫برای تبلیغ کتابمون,0
‫کتابم رو خوندی؟ ‫کتابم رو خریدی؟,0
‫کاری از دستمون برنمیاد,0
‫و وقتی بزرگتر میشد ‫برای جای اسباببازی خوب بود,0
‫ولی شرکت شروین-ویلیامز ‫رنگی به اسم «زرد افتابی» داشت,0
‫گیسی در ساعت ۱۲:۵۸ بامداد ‫روز ۱۰ مه ۱۹۹۴ با تزریق کشنده اعدام شد ],0
‫[ همهی ما در ایجاد محیطهای ‫امن و حمایتی برای همهی انسانها نقش داریم ],0
کاری از دستم برنمیاد.,0
که ایا این همه بخشی از یک نقشه بزرگتره.,0
‫یاداوری. سوئیتهای طبقهی بالا ‫این هفته رزرو شدن.,0
‫امادهسازی برای یه جشن بزرگ اخر این ماهه.,0
‫خب، هیچی مثل سیب بزرگ نمیشه.,0
‫بسته به اینکه چقدر بزرگ باشن، ‫برای راحتی در حمل و نقل.,0
‫اخرین تصویری که ازت داشتم ‫فیلم دوربین مداربسته بود,0
‫اینو به یه شهر بزرگ با ‫مردای سفیدپوست دیوونه ترجیح میدم,0
اها یه یاداوری. سوئیتهای طبقه بالا این هفته رزرو شدن,0
[اتوبوس بزرگ نیویورک],0
‫به یه شهر بزرگ با مردهای سفیدپوست دیوونه که,0
‫گمونم نباید از شهرهای بزرگ بدگویی کنم,0
‫اگه هم واقعا کار هریسون باشه، ‫ممکنـه توی دردسر بزرگی افتاده باشه,0
البته نمیخوام بگم ما در حد خداوند بزرگ هستیم,0
«مترجم: سـپهـر» ::. Overhaul .::,0
یادت نره، سوئیتهای طبقه بالا برای این هفته رزرو شدن,0
اخرین تصویری که ازت دیدم فیلم دوربینهای مداربسته بود,0
خدای بزرگ، تو قصاب بی هاربر هستی,0
اینجا رو به یه شهر بزرگ که ... سفیدپوستها توش,0
گمون کنم نباید از شهرهای بزرگ بد بگم,0
‫بله. این تمام فیلمیه که,0
‫و پول کافی برای خریدن خونهمون دراورد.,0
‫نیویورک شاید شهر بزرگی باشه،,0
‫ولی برای دوتا مسافر تاریکی ‫به اندازه کافی بزرگ نیست.,0
‫یه مهمونی بزرگ در پیش دارم.,0
‫اینجا بزرگترین شهر دنیاست.,0
‫این شهر خیلی بزرگیه،,0
♪ یکی از بزرگترین درسای زندگی ♪ ♪ همینجا نهفتهست ♪,0
.اره، حتما اون محبت و حمایت ما رو نیاز داره,0
این یکی کیه؟ تصویر رو بزرگ کن,0
خیلی زرنگ و شیردل بودی,0
‫اینجا شهر خیلی بزرگیـه،,0
‫اره، البته. به محبت و حمایت ما نیاز داره,0
‫بله. این تمام فیلمهاییـه که ‫حراست از رایان فاستر پیدا کرده,0
‫بذاق، شیر سینه، چرک، ‫استفراغ، عرق، زرداب،,0
‫میتونم فیلمه رو نشونت بدم؟,0
شاید نیویورک شهر بزرگی باشه,0
‫ال. ‫‫امیدوارم از فیلم کوچیکم خوشتون بیاد،,0
‫نه بعد از دیدن اون فیلم خانوادگیش.,0
‫این تئوری بزرگت ‫چیه، چارلی؟,0
‫که نزدیک بود به قیمت جونش تموم بشه؟ ‫این تئوری بزرگته؟,0
‫الانه که باید ازش بپرسم ‫از وقتی مادربزرگش فوت کرده حالش چطوره؟,0
‫مطمئنم ‫سخت گذشته. ...از وقتی مادربزرگت,0
‫مدرسهی بازرگانی رویاییش.,0
‫داریم در مورد ‫مدرسهی بازرگانی حرف میزنیم.,0
ال - ،خدا کنه که از فیلم کوچولوم خوشتون بیاد -,0
نه بعد پای دیدن فیلم مستقلش نشستن,0
هتل امپراتوری برای اخر هفته رزرو رزور شده,0
از موقع فوت مادربزرگش در چه حاله؟,0
مطمئنم مشقتوار بوده ...از وقتی مادربزرگت,0
ولی ایشون درگیر بستن یه معاملهی بزرگ,0
لعنتی لیان! مگه فیلم تخمی تخیلیه؟ - ...من، من -,0
ال - ،امیدوارم فیلمم رو دوست داشته باشی -,0
حالا که فیلمش رو دیدم هرگز,0
بعد از مرگ مادربزرگت حالت چطوره؟,0
‫مطمئنم برات سخت گذشته، ‫از که وقتی مادربزرگت...,0
‫دانشکده مدیریت بازرگانی رویاییش.,0
‫ولی دارن یه معامله بزرگ رو،,0
‫- ال. ‫- امیدوارم از فیلم کوتاهم,0
‫مخصوصا بعد از دیدن فیلم کوتاهی که ساخته بود.,0
‫از بعد فوت مادربزرگش، حالش چطور بوده؟,0
‫خرید یه اپارتمان توی هارلم رو انجام میدن.,0
‫خب، این تئوری بزرگت چیه، ‫چارلی؟,0
‫این بود اون تئوری بزرگت؟,0
‫اره، این بچه رویاهای بزرگی ‫تو سرش داره.,0
‫باید خیلی ادم زرنگی باشی.,0
‫من اطراف شیکاگو بزرگ شدم.,0
‫تا الان، هشت سال دیگه ‫براش عمر خریده.,0
‫هتل رو رزرو کن، ‫هریسون رو تنها گیر بیار.,0
‫یکی که بهم ‫اون زره اضافه رو بده.,0
دکستر، اون زبر و زرنگه,0
یکی از دوستای بلسینگ، فیلم تجربهی نزدیک به مرگش از,0
بیرون شیکاگو بزرگ شدم,0
‫وای، اگه تو کشته میشدی، ‫مشکل بزرگی برام پیش میومد,0
‫اره، این پسر رویاهای بزرگی داره.,0
‫اوه، اگه کشته شده بودی، من یه مشکل بزرگ داشتم.,0
‫یکی که بهم اون زره اضافه رو بده.,0
بعدش هم یه حلقهی مویزنیت برات خرید,0
عکس بذاری توی اینستاگرام,0
وسط خیابون عین این ایستهای بازرسی باهاتون صحبت نمیکنم,0
‫- استراتژی تبلیغاتی بود ‫- «ما گله رو دستچین میکنیم»,0
‫- تو عزرائیلی ‫- کسشعر نگو. باید بپذیریش,0
‫وینسلو؟ گفتی وینسلو؟,0
‫یا از اون مادرمردهها اثاثیه خریده بودیم؟,0
.همسایهها اینترنتی خرید میکنن .ادمای گوشهگیریان,0
پس بگید مادربزرگ بیاد,0
‫شهر بزرگیـه. غریبهها ‫گذرشون به هم میخوره,0
فقط یه چتر بزرگ روی سر خونهتون توی چستنات هیل,0
‫هنوز سر ایستبازرسی هستم. ‫میخواید همینجا بمونم؟,0
‫من قلمروی بزرگی رو اداره میکنم و گاهی باید ‫خلاقیت به خرج بدم تا ازش محافظت کنم,0
‫مترجم: «تارخ علیخانی»,0
‫یجور اختلال کمتوجهی-بیشفعالی ‫بزرگسالان داره و خودش نمیدونه,0
‫پس شروع به تزریق ماهانهی لوپرورلین میکنیم ‫تا سطح تولید استروژنت بیاد پایین,0
‫ولی نمیتونین اینکارو بکنین ‫چون یه بیمارستان توی شهر بزرگ نیویورک,0
‫- هیچ کاری ازت برنمیاد ‫- مثل ابشار,0
‫و دویست دلار برای خرید از ‫یجور مغازهی اسباببازیهای جنسی؟,0
‫این بزرگترین ویبراتوریه ‫که تابحال ازش استفاده کردم,0
‫« پول بده وگرنه فیلمت ‫توی اینترنت پخش میشه »,0
‫ولی به یه گروه حمایت از ‫بیماران سرطانی دروغ گفتی,0
‫شاید دستهات زیادی بزرگن ‫میدونی که این یعنی چی,0
‫گروه حمایتی داری ‫ که توی جلساتشون شرکت کنی؟,0
‫محبوبترین عضو گروه حمایت از ‫بیماران سرطانی مرحلهی چهاری,0
‫مثل فیلمای هالمارکی ‫(شبکهای امریکایی),0
"‫فیلم ""مالی تو کریسمس ارضا میشه""",0
‫نیکی، چه کاری از من برمیاد؟ ‫بذار یه کاری برات بکنم,0
‫- معلومه که خریدم ‫- ممنون,0
‫توی اینستاگرام یه چیزی دیدم ‫و توش حلقه دستت بود,0
‫در عرض 2 ماه بیست تا حلقه خریدم,0
‫یه شب دیگه خیلی ناجور شد. چند تا ‫دستبند و یه حلقهی انگشت پا خریدم,0
خواهش میکنم اقا، دفعه بعد اگه لازم شد بهش دارو تزریق میکنم,0
خرید عکسای مزخرف خرج میشه,0
بیا با این بازیگر یه فیلم بسازیم,0
خواهرم یه تازه ش برام خرید .چون این شکست,0
.متشکرم. متشکرم - .تو ادم بزرگی میشی -,0
.اون چیز زرد...(مانگو) انبه,0
باید توی یه بیمارستان دانشگاهی بزرگ .درمان میشد,0
میخوام کسیو که اهنگای تبلیغاتی شما رو میخونه ببینم,0
فکر میکنی این پولو برای کسی که تبلیغات میخونه بهمون دادن؟,0
یه بزرگتر داره ازت سوال می پرسه,0
هی، یه بزرگتر داره باهات حرف میزنه,0
حواست باشه چطوری با یه بزرگتر حرف میزنی,0
اگه شما مدیر یه شرکت به اون بزرگی هستین باید سرتون خیلی شلوغ باشه,0
.برادر کوچیک بهتر از خواهر بزرگشه,0
شنیدم شین سوک هو داره .تلاش میکنه یه کار بزرگ انجام بده,0
تو به خاطر اهنگ تبلیغاتیم .اومدی دنبالم,0
.اون ازت بزرگتره- بله؟-,0
من بزرگترم،پس مودب باش،باشه؟,0
بچه ها موقع بزرگ شدن تو دردسر .میفتن,0
من بزرگترم، پس هر طور خواستم حرف میزنم، اوکی؟,0
.بچه ها که بزرگ میشن تو دردسر میفتن,0
.من فکر می کنم اون نیاز داره یه سیستم مناسب ازش حمایت کنه,0
حتما،وقتی یخورده بزرگتر شدی .بیا گروه,0
.و خواهر بزرگش بدونم,0
چون من تو این صنعت مرد محترمی ام .و بزرگ شدم,0
باشه.من هنوز دارم رشد میکنم،پس .بذار بگیم من هنوز بزرگ نشدم,0
.همه چیز میدونم.فیلم بازی کردن بزار کنار,0
گفتم به جای پسر بزرگشون یه ...دختر گرفتن,0
باشه، وقتی یه کم بزرگتر شدی بیا,0
.برای تبرئه ها نول هرکاری از دستم بربیاد، می کنم,0
.و منو مثه بچه ی خودشون بزرگ کردن,0
با پولی که از اون البوم در اومد شرکت بزرگ شد,0
و منم از تو حمایت میکنم,0
تو میتونی بری. بگو عموی بزرگشی,0
ممکنه بزرگترین عموش باشی,0
من بزرگ میشم تا- من بزرگ میشم تا-,0
ادم برای بزرگ کردن پسرش که نباید توبیخ بشه,0
خانم الف اعتراف کرد که برای حمایت از جینو که معروف بوده,0
اون فیلمو از کجا گرفتی؟ کی بهت داد؟,0
.اون تقصیری نداره .فیلمو که دیدی,0
اون فیلم چطوری رو شد؟ - معذرت میخوام -,0
ارزوی من اینه که شماها از جکسون بزرگتر بشید,0
.بیا با این بازیگر یه فیلم بسازیم,0
بگیرش،ابجی بازم واست میاره (نونا=ابجی بزرگ),0
در سختی بزرگترین خطرها شکل گرفتن,0
... این بازرگان، زمانی که توی اقیانوس هند,0
خونهی بازرگان، 275 متر جلوتره,0
‫بود. الان دیگه بزرگ شده.,0
درمورد شام - شاید بتونی واسه هردومون رزرو کنی؟,0
‫نه ویترینی برای خودبزرگبینی من.,0
‫فکر کردم شاید بتونیم .با هم بریم خرید لباس,0
‫دربارهی تکنولوژی مزرعههای بادی,0
‫پدربزرگم بهم یاد داده تجارت 24 ساعتهست.,0
"رزرو شما در ""بیسترو ژینت"" تایید شد",0
‫سلام مامان، تازه رستوران رو رزرو کردم.,0
‫مستقیم از مزرعه میام.,0
‫خب... فکر نمیکردم .مسئله به این بزرگی باشه,0
‫برات بلیت هواپیما رزرو کنم؟,0
‫اوه، یه همسایه پیشنهاد خریدشو داده.,0
‫یه خونه بزرگ و قدیمی .با یه چیزی حدود 100 هکتار زمین,0
‫اوه، نه! کاری از دستم برمیاد؟,0
‫اوه، فکر کنم فقط یه عکس تبلیغاتیه.,0
.‫شاید وقتی خریدمش یه نقد براش بنویسی,0
‫نه، تری بود، مدیر مزرعه.,0
‫چیزای کوچیک رو تبدیل به نگرانیهای بزرگ میکنه؟,0
‫شاید وقتی خریدمش .بتونی یه نقد راجع بهش بنویسی,0
‫خانم، لطفا .کمربندتون رو ببندین. تو بزرگراهیم,0
و یه خریدار دیگه هم هست .‫من و جو باید جورش کنیم,0
‫ ما قبلا گلها رو از مزرعه خریدیم.,0
‫خونه ما بزرگتره. مزخرف محض.,0
‫نمیخوام تو مسیر خودبزرگبینی قدم بذارم.,0
‫حدود یه ماه پیش صندلی کنار منو .رزرو کرد، صندلی وسط کنار من,0
‫اگه رزرو به اسم شما نیست،,0
‫صندلی کنار من رزرو شده؟,0
‫نه، شرکت من ماهها پیش رزرو کرده.,0
‫که اونم برای 21 بی رزرو کرده.,0
‫پدربزرگم یه مجموعه کامل ‫از اصلش رو داشت.,0
‫بله، پدربزرگتون، ‫رولند برت.,0
‫میدونی، اون یه ‫تاجر بزرگ بود.,0
‫من اینجام تا حمایتت کنم.,0
فکر نمیکنم پدربزرگم ‫ربطی به چیزی داشته باشه.,0
‫پدربزرگ من به مشکلات بیاعتمادی تو مربوطه؟,0
‫متاسفم، من در استانه ‫بزرگترین معامله زندگیمم.,0
‫نه، باید اول صبح ‫برمیگردم مزرعه.,0
‫ادمها، حیوانات، تجهیزات مزرعه ‫که بهم وابسته هستن.,0
‫یه خونه بزرگ و قدیمی، تو بیش از 100 جریب ‫زمین مرتع درجه یک.,0
‫خب، نگفتم که بزرگه؟,0
‫با یه ماشین بزرگتر ‫برای بقیهشون برمیگردم.,0
‫بیصبرانه منتظرم ‫تو اون .لباس سبزی که خریدیم ببینمت,0
‫صندلی کنار من رزرو شده،,0
‫متن سخنرانیم، و به مامانبزرگ هم ‫تو چیدمان صندلیها کمک کردم.,0
‫پس خریده یا از دست داده؟ ‫کدومشه؟,0
‫ممنون که به مزرعه اومدین ‫و ممنون از مامان و بابا بابت میزبانی.,0
‫اره، یه عمارت بزرگه، ‫درست بیرون بالارات.,0
‫عمارت بزرگ اجری قرمز ‫با 18 تا اتاق،,0
‫فقط دو تا عمارت بزرگ ‫تو اون منطقه میشناسم.,0
‫و گوسفندا تو زمین خشک بزرگ نمیشن. ‫اوه...,0
‫اوه، اره، توی اینستاگرام .دنبالش میکنم. انجامش بده,0
‫پایین تو کافه محلی ‫با چند تا از دوستای مزرعهدارمم.,0
‫میدونی، اون همیشه باید .یه ادم گنده و پرزرقوبرق بهنظر بیاد,0
‫تو به یه موفقیت بزرگ دست پیدا کردی.,0
و به عنوان بزرگترین عروس همه مسئولیت هارو به عهده بگیرم,0
توی یه کشور غریب بزرگ کنم,0
بالاخره قراره جاری بزرگهی کسی باشم؟,0
خانم کیم، دورو) (یه راز بزرگ قایم کرده؟,0
...اتاقهای بازرگانی، و مسئولین روابط عمومی,0
که میتونم نقاشیای که خریدی رو قرض بگیرم,0
حالا که امروز براتون چایی خریدم,0
از هرکدوم یکی خریدم، زیادن,0
(وسعت نظر و امیدهای بزرگ داشته باشید),0
...مشروبسازی برای چندین نسل از زمان پدربزرگتون,0
این سری، مار گردن زرد ببری یه قدم عقب تره,0
(ما کوانگ سوک، مار گردن زرد ببری),0
یه مار؟- این مار گردن زرد ببریه؟-,0
"""مار گردن زرد ببری که اسم مستعارش ""ساقه گله",0
اگه بحث پول نبود، چرا باید با کسی که 25 سال ازش بزرگتره,0
خرید خونه هم که بماند,0
،براش حلقه بگیرم و یه میز تو یه رستوران شیک رزرو کنم,0
بعد این ما رو به یه شرکت بزرگ تبدیل میکنه,0
و مزرعههای تولید برنج ارگانیک گذاشت,0
و به عنوان یه مکگولی مرغوب تبلیغش کنید,0
اگه برای فروش بذارین کلی خریدار پیدا میشه,0
از اونجایی که بزرگترامون این قرار رو ترتیب دادن، اخر سر اومدم,0
تمام تلاشم رو میکنم که یونگ جو رو توی بهترین شرایط ممکن بزرگ کنم,0
...یه عمل جراحی بزرگ دارم,0
"میگن ""بچهها با بزرگ شدنشون “قلب پدرمادرشون رو میشکونن",0
وقتی عصبانی هستی، کاری از دستت برنمیاد,0
اگه توی مسائل مالی کمکت نکنم، دیگه چه کاری از دستم برمیاد؟,0
میپرسی فایدهی یه خانوادهی بزرگ چیه؟,0
ما همدیگه رو هل میدیم و حمایت میکنیم تا با هم پیشرفت کنیم,0
میخوای ببینی صبح چی فیلم گرفتم؟,0
ما توی هتل الایکس وقتی بحث ...ارزیابی و خرید محصولات میشه,0
عالیه که برای خرید با تو بیرون بیام، عزیزم,0
تو قصد خرید اونو داری؟,0
من اختاپوس فوت وب خریدم- اختاپوس فوت وب؟-,0
به نظر میرسه حالت خوبه حتی مقداری غذا خریدی,0
یه سطل هشت پای پا گسترده از بازار میخرید و,0
احتمالا به این اسم اتاق رزرو کردن,0
...کسی که سوییت کوچیک اتاق ۱۵۱۲ رو رزرو کرده,0
سه نفر بزرگسال و یک نوزاد توی اتاق بودن,0
با لبخند زندگی کنین، ذهن باز) (و ارزوهای بزرگ داشته باشین,0
من اینجا داداش بزرگهام,0
...بچههای خودشم بزرگ شدن,0
بعد از اینکه خوردی، میری پیش مامانبزرگ,0
...شنیدم که شرکت شیلا و چند تا شرکت بزرگ دیگه هم,0
این یعنی دخترت خیلی زرنگه,0
دپارتمان خرید همین الان تماس گرفت,0
از زمان پدربزرگم تو خانواده بوده,0
ولی برادر بزرگم اخیر فوت کرده,0
ما عین خواهر بزرگمون بهش احترام میذاریم و اعتماد داریم,0
زن برادرم فداکاری بزرگی کرده,0
...حتی یکم زمین هم خریدم,0
چونسو تا لحظهای که ورشکست شد از خانوادهش حمایت کرد,0
منم برای بزرگ کردن یونگجو سختی کشیدم,0
ما هم گفتی بچه تو خیابون بزرگ نشه قبولت کردیم,0
مشروبسازی شیلا شرکت بزرگیه,0
مادربزرگ گونگ داشت داد میزد؟,0
چون مامانبزرگ گونگ داد زد بیدار شدی,0
زنبرادرم یه فداکاری بزرگ کرده,0
برادر شوهرتون دختر منو از خطر بزرگی نجات داد,0
که بزرگترین نقطه ضعف مشروبسازی عقاب رو بفهمم,0
و این داروی نیروبخش رو خریدم,0
به اندازه کافی بزرگ شدی,0
،همهی گروه حمایتتون میکنن,0
برادرشوهر بزرگشون اومده اینجا زندگی کنه,0
من چندتا اشتباه بزرگ پیش رئیس داشتم,0
به بابابزرگ سلام بده هانی,0
برای تو خریدمش هانی، چطوره؟,0
هانی، از مامانبزرگ و بابابزرگ خداحافظی کن,0
خوشحالم که کاری از دستم بر میاد,0
توی کاسههای بزرگ برامون میاورد که بخوریم,0
خونهای مامانبزرگ- سلام-,0
...میدونی چقدر موقع بزرگ شدن از خانوادم و داداشم,0
میخواین ازم فیلم بگیرین؟,0
میخواد ازت فیلم بگیره؟,0
برای همین میخواد خانوادهی بزرگی داشته باشه,0
خوبی زندگی با خانوادهی بزرگ همینه,0
واسه همین یه کیف مارک براش خریدم,0
شغلی داره که از همه جهت حمایت میخواد,0
شرط میبندم الان شبیه یه مادربزرگ واقعی شدم,0
من بین یه پدر و مادر مهربون و برادرایی که بهم اهمیت میدن، بزرگ شدم,0
اقای گو و کیم هم رفتن مزرعه,0
حس کردم یه برادر بزرگتر دارم که مراقبمه,0
بچت رو بزرگ کردن جبران کنی؟,0
مامانبزرگ از اینکه قولت رو نگه نداشتی ناراحت بود,0
نمیدونی روابط شخصی رئیس یه شرکت بزرگ,0
فکر کنم برای سرزنش شدن یکم بزرگ باشم,0
بعد از همون مشروب سازی که اون بچه رو خیلی خوب بزرگ کردن دزدی کردی,0
بزرگسالانهتر رفتار کنه مشکلت چیه؟,0
خسته نباشید بچهها، فیلمبرداری تموم شد,0
و از کسایی که پسرش رو بزرگ میکردن پول دزدیده,0
از بچگی توی پرورشگاه بزرگ شد، مگه نه؟,0
بعد از اینکه بزرگ شد و پرورشگاه رو ترک کرد,0
...برای تنهایی بزرگ کردن کانگسو به عنوان یه مادر تنها,0
بعد هم رگباری تبلیغش میکنیم,0
بعد از همون مشروبسازی که اون رو انقدر خوب بزرگ کرده، دزدی کردی,0
برای دو شب براتون رزرو کردم,0
...جفتشون قلب بزرگی دارن و,0
هرکاری از دستم بر بیاد میکنم,0
رییس مشروبسازی اینطوری نیست، مامانبزرگ,0
یه کمک بزرگ بهش نکنیم؟,0
ولی موقع بزرگ کردن تو,0
حتما دین بزرگی بر گردنت داره,0
داشتن تو به عنوان برادر بزرگترم؟,0
و یه برادر برای برادرای بزرگم شدم,0
چرا منو یهویی بردی خرید؟,0
اومدم تا مادربزرگ بچه هارو ببینم,0
بچت رو بزرگ کردن پول بدزدی و فرار کنی؟,0
هرروز بزرگ شدن کانگسو رو میدیدم,0
دوران بزرگ شدنم از مامان بابام و برادرام کلی عشق گرفتم,0
انگار فیلم سینماییه- همینو بگو-,0
باید بدونی چطور یه تصویر بزرگ ببینی و صبر کنی,0
یه ادم محترم مثل تو به عنوان برادر بزرگتر؟,0
...تماس برقرار نمیشود- مامانبزرگ کجاست؟-,0
مادربزرگ ناراحته؟ چرا؟,0
تا مادربزرگتون هیچوقت نفهمه,0
کاری از دستمون بر میاد؟,0
...دکتر گفته داروهایی که مادربزرگتون الان میخوره,0
جلوی مادربزرگت گریه نکن و نذار بفهمه که خبر داری,0
...وای خدا- مادربزرگ طفلک-,0
نشون میده قلب بزرگی داره,0
...ما زمین رو خریداری کردیم و حق استفاده,0
مامانبزرگ، برات وقت چکاپ گرفتم,0
...به مامانبزرگتون قول دادم رازش رو نگه دارم,0
نباید بذاریم مامانبزرگ برگرده امریکا,0
...چرا باید همچین ریسک بزرگی بکنم,0
از شروع جدیدش حمایت کنین,0
مامان بزرگ، این درست نیست,0
توی کارگاه خیاطی کار میکنن تا من و درسام رو حمایت کنن,0
تو جلسه سهامداران ازم حمایت میکنه,0
ممکنه یه شرکت بزرگ بشیم,0
اون اتفاق بزرگ که گفتی چی بود؟,0
که با مامانبزرگتون زندگی کنیم؟,0
به مامانبزرگ اهمیت میده احساساتی شدم,0
شرایط مامانبزرگتون که جدی نیست,0
واقعا ممنونتونم که به مامانبزرگم اهمیت میدین,0
میخواست کل جهان رو حمایت کنه,0
بعد از کلی عکس برداری برای تبلیغات حتی میتونی یه خونه بگیری,0
این واقعیه؟-) (تیزر یه برنامه تلویزیونیه؟-,0
نه تنها به اشتراک گذاشتن شادی بلکه بزرگترین غمها,0
نمیخواد بزرگش کنی بابا,0
ما خیلی وقته که این ریسک رو به جون خریدیم,0
باز تو بزرگترین سهامدار مشروبسازی شیلا هستی,0
و روی خونهداری و حمایت از دونگسوک تمرکز کنی,0
اینکه یه خانوم برای حمایت از یه مرد همهچیز رو ول کنه خیلی بیکلاسیه,0
...مردهایی مثل دونگسوک که یه شرکت بزرگ رو میچرخونن,0
یه اتاق تو هتل رزرو کردم,0
اگه کاری از دستمون برنمیاد بهتره زودتر با مجازاتش روبرو بشیم,0
من، اوه هیونگسو با وجود همسرم به یه جایزه بزرگ رسیدم,0
اینجوری نیست که بخوام فیلم بگیرم,0
برام نیست که ،یه لباس پر زرق و برق بپوشم,0
یا یه مراسم خیلی بزرگ داشته باشم,0
خانواده شما کانگسو رو خوب بزرگ کردن,0
تو فقط خودت میری جلو و همه چیز رو رزرو میکنی,0
رزرو کردم چون خودت گفتی خوبه,0
فکر میکردم داشتی لباس عروست رو میخریدی,0
میتونی اون زندگی پرزرق و برقی که انتخاب کردی رو بکنی، فهمیدی؟,0
اینکه همه جا مثل بولدوزر باشی,0
...مامانبزرگ، بعد از عروسی بابا,0
قلب مهربون و بزرگت پذیرفتی,0
...برادر بزرگ اوه چونسو,0
به عنوان برادر بزرگترش باید مراقبش باشی,0
اونا طوری حرف میزنن انگار لایق یه هدیهی بزرگن,0
توقعات بالا باعث ناامیدی های بزرگ میشن,0
جاش میتونست بزرگتر باشه,0
باشه، بیاین فیلم بگیریم,0
نمیدونست داریم فیلم میگیریم,0
انگاری توی فیلم عاشقانه اداری هستیم,0
دوباره داشتی فیلم عروسی رو نگاه میکردی؟,0
تو واقعا خوب بزرگ شدی و من بهت افتخار میکنم,0
نمیخوایم که سهری تنها توی اون خونه بزرگ زندگی کنه,0
...حتی زنهای بزرگتر از توهم,0
به عنوان لطف، هرکاری از دستم بر میومد انجام دادم,0
مردای از من بزرگتر پدر میشن,0
من طرز فکرم قدیمیه؟- ،فقط چون بزرگتری-,0
بچه بزرگتر باید بخشش داشته باشه,0
من ازت بزرگترم و نباید حسودی میکردم,0
با این چشمهای بزرگش شبیه فرشتههاست,0
،مطمئنم اگه یه بچه داشتم میتونستم خوب بزرگش کنم,0
انقدر پیرن که شبیه پدربزرگ و مادربزرگهان,0
تو سنین بالاتر بچهدار میشن و اونها رو بزرگ میکنن,0
بچمون رو ول میکنن که خودش بزرگ بشه,0
میتونیم همشون رو مثل خواهر و برادر بزرگ کنیم,0
...که حتی نمیتونم بزرگ شدن بچههام رو,0
با ازدواج بوم و گیول قراره بابابزرگ بشی؟,0
من همیشه مراقبش بودم و اونو با عشق بزرگ کردم,0
و هرکاری از دستم بربیاد در طول جلسههای دادگاه واسه کمک بهش انجام میدم,0
این الان بزرگترین ارزومه,0
مبارزه را به تیم های بزرگ ببرید،,0
اه، یک دود بزرگ از دنیل ریکاردو!,0
به نظر می رسد یک مشکل بزرگ موتور است.,0
من فکر می کنم انها بزرگترین قدم را از هر تیمی در سال 2019 برداشتند.,0
اما این اولین جایزه بزرگ استایرن است.,0
که او به سمت بزرگترین رقیب انها می رود.,0
رانندگان با بزرگترین نتایج، بزرگترین موفقیت,0
ما ارزوهای بزرگتر از این داریم.,0
ما نسبت به سال گذشته قدم های بزرگی برداشته ایم.,0
ما اطلاعاتی را از مرسدس خریدیم.,0
یکی از قدیمی ترین پیست های جایزه بزرگ در جهان.,0
بنابراین، اوم، اگر کسی بخواهد از من حمایت کند، ژیلت...؟,0
یک سال پیش، من به سرعت وارد یک تیم بزرگ شدم،,0
او شانس بزرگی دارد. در واقع، او قبلا فراری را پشت سر گذاشته است.,0
اما کریستین و کل تیم، انها بسیار از شما حمایت کرده اند،,0
"و ما تمام تلاش خود را برای حمایت و توسعه او انجام می دهیم.""",0
که می بینید رانندگان بزرگ دارند.,0
به... نشان دادن به روسای بزرگ، واقعا،,0
و این یک حادثه بسیار بزرگ است.,0
پیر گاسلی قبلا به میدان رفته بود، بنابراین او یک برنده بزرگ در این زمینه است.,0
پی یر گاسلی برنده جایزه بزرگ ایتالیا شد!,0
باید با یک چالش بزرگ روبرو می شدم.,0
ما به قراردادهای حمایت مالی جدید نیاز داریم.,0
ما به شما در مسابقات جایزه بزرگ بریتانیا خوش امد می گوییم.,0
کشش بزرگ و سپس دوباره برای پنج.,0
تیم کوچکی مانند تیم ما توسط سرمایه گذاران حمایت می شود,0
اوه، یک تصادف بزرگ در انجا وجود دارد.,0
حمایت مالی به این راحتی انجام نمی شود,0
سرعت مسابقه شما پسران بزرگ را نگران کرد.,0
سرجیو امسال کار بزرگی انجام داده است,0
این جایزه بزرگ بحرین است،,0
این ... این یک مورد بزرگ بود. این یکی بزرگ بود,0
لعنتی، انها کار بزرگی انجام داده اند. پسر با خاموش کننده.,0
شما ان را در فیلم ها می بینید و فکر می کنید که این درست نیست، درست است.,0
حتی چند روز بعد از ان، پسر بزرگ ما، ساشا،,0
جایزه بزرگ ساخیر در حال برگزاری است.,0
یک مشکل بزرگ برای بوتاس پیش رو وجود دارد.,0
سرخیو پرز در استانه بردن اولین جایزه بزرگ تاریخ خود،,0
این جایزه بزرگ ابوظبی است.,0
این یک جایزه بزرگ است که موقعیت قطبی برای ان بسیار مهم است,0
اوه، برای شش جایزه بزرگ ابوظبی.,0
سرخیو پرز برای بردن جایزه بزرگ ساخیر به خانه می اید!,0
موضوع فقط غرور نیست. این دلار بزرگ است. دلارهای کلان.,0
هیچ کس انتظار تیمی به این بزرگی را نداشت,0
به اولین منطقه ترمز بزرگ واقعی می رویم.,0
قفل بزرگ انجا از استرول.,0
ورشتاپن برنده جایزه بزرگ ابوظبی شد,0
...نمی دانم که روی مبل پدرم بزرگ شده ام،,0
این... این یک مورد بزرگ بود.,0
این یک سال بزرگ است. تیم های جدید,0
بازگشت استون مارتین به شبکه یک داستان بزرگ است.,0
تو عالی کار می کنی، ماتیا. لبخند بزرگ برای ما,0
و بنابراین او فوق العاده حمایت کرده است.,0
این یک لحظه بزرگ برای این ورزش است زیرا ردبول باورنکردنی به نظر می رسد.,0
لوئیس همیلتون برنده جایزه بزرگ بحرین شد.,0
این بزرگترین کاری است که ما در فرمول 1 انجام داده ایم.,0
هفت بار برنده جایزه بزرگ شد.,0
او یکی از بزرگترین استعدادهای این ورزش است.,0
کمی بزرگتر، اما همه چیز خوب است. -کمی بزرگتر؟,0
شما نیازی به فیلم برداری این کمی ندارید. واقعا باد امد و...,0
با جایزه بزرگ بحرین.,0
او به او علاقه دارد. اره دو شخصیت بزرگ ناهمسان. ام...,0
فرمول 1 نمونه های بی شماری از امضای نام های بزرگ دارد،,0
اشتباه بزرگ 13 سالگی,0
جایزه بزرگ بحرین که بسیار مورد انتظار بود.,0
در اغاز یک سال بزرگ برای زک براون.,0
تیپ ترین به نظر می رسید مثل اینکه شما بزرگترین نفس را در شبکه داشتید.,0
ما دو خبر بزرگ برای اعلام داریم.,0
امید فراری اکنون تنها به خرید جدید کارلوس ساینز است.,0
امسال جایزه بزرگ بریتانیا بزرگترین مسابقه فصل است.,0
یه مشکل خیلی بزرگی داریم,0
که خیلی بزرگه - اره، پس نمیشه برداشتش -,0
ما در شرف انجام یک کار خیلی بزرگ هستیم,0
کاراگاه، این کشیشه تو تلویزیون چی میگه که هیچی نمیدونه؟ داره زر میزنه، یه چیزی میدونه، ببین چی میدونه,0
چون خریدار داره کونمو پاره میکنه,0
خریدار؟ تو خریدار نیستی؟ نه بابا کیر تو من,0
فکر میکنی بزرگتر از اینی که الان هستی؟,0
الان فقط میخواست بزنه به درخت که بگه عصبانیه؟) (خدایی شاشیدم تو فیلمنامتون,0
دیگه زر زر نکن برگرد سر کارت,0
خب کیتلین که نمیتونه تنها عامل حواس پرتی باشه اونقدر بزرگ نیست,0
تو یه مادربزرگ دوست داشتنیای واسه همین کونت شل و وله,0
جیپ زرد در حال حرکت به سمت جنوب در جاده ۹۰۲ در تعقیب فوری,0
اینکه برای خرید دارو به بیمارستان بریم,0
اگه یه بزرگسال با نمرات عالی ...و زندگی برنده اینو بهم میگفت,0
اینجا خبر دارن که تو یتیم خونه بزرگ شدی؟ یا اینکه خبر دارن که دوستشون معتاده؟,0
من حاضرم هر کاری ازم بخوای انجام بدم,0
،دنیای بیرون خیلی بزرگه,0
که بیای با این لوزرا وقت بگذرونی؟,0
خانوم رایزر هستم، ایشون ابیگل هستن,0
از نگرانیتون خبر داریم، خانوم رایزر,0
...حالا، خانوم رایزر، ما - ایو هستم -,0
درمورد ناپدید شدن لیلی رایزر 17 ساله اطلاعاتی دارن درخواست میکنن گزارش بدن,0
دنیای بزرگیه، یادته؟,0
که هر اطلاعاتی درباره لیلی رایزر دارن رو گزارش بدن,0
اون چیه؟ چیزی خریدی؟,0
...خیلی وقت بود باهم غذا نخورده بودیم، برای همین رفتم خرید,0
شاید بزرگترین کشف مواد تو کل تاریخ کشور باشه,0
بزرگترین پروندهی مواد مخدر چیه؟,0
این بزرگترین موفقیتمون تو این دورانه- قربان-,0
شرکتی که حمل و نقل چونگایل رو با یه قیمت مناسب خرید,0
ولی بعد از اینکه حمل و نقل چونگایل رو خریدن,0
!همهاش یه لطف راکتیه که تو برام خریدی,0
چون پشتش یه حمایتای شهردار گرم بوده,0
"،اگه قاشقتون خیلی بزرگ باشه""",0
"به سلامتی ""فداکاری های کوچیک برای کارهای خیر بزرگ""",0
‫قرار بود من کاپیتان باشم، ‫ولی هیچ کاری از دستم بر نمیاد,0
‫واسه همین دارم سعی میکنم ‫هر کاری از دستم بر میاد انجام بدم,0
‫-رزرو هتل یا مکانهای توریستی لازمه ‫-خب، کارت خوب بود,0
‫احتمالا فرمانده رو هم خریده,0
"‫اما پایان تو بسیار بزرگ خواهد بود""",0
‫این مزخرفات تو خیابونهای من خریدار نداره,0
‫که منجر به یه عملیات بزرگ کنترل افات شد نیشش رو ببین,0
‫خیلی بزرگه گفتی مورچه اتشین قرمز؟,0
‫با این بازرسیهای قرنطینه،,0
‫در واقع، هر کاری از دستم برمیومد کردم،,0
‫بهشون مواد عجیب غریب هم تزریق میکنن,0
‫واقعا هیچ کاری از دستم برنمیاد ‫برای ترخیص کردن بار,0
‫عجب فیلمی بازی میکنه، نه؟,0
‫داره فیلم بازی نمیکنه؟,0
اگه گیر بیوفتیم، دیگه کاری از دستمون بر نمیاد,0
باید هرکاری از دستم بر میاد انجام بدم اینجوری خیالم راحت تره,0
حق با اونه، ما باید هرکاری از دستمون برمیاد برای پیدا کردنش انجام بدیم,0
ولی هیچ فیلمی از کجا رفتنش نیست,0
باید فیلم هر کامیونی که از مسیر۲۳ رو شده رو بررسی کنیم,0
یعنی الان خرید و فروش مواد هم میکنی، حرومزاده؟,0
...من به عنوان یه مترجم,0
وای، اینسونگ چقدر بزرگتر شده,0
باید هرکاری از دستمون برمیاد انجام بدیم,0
ولی برادر بزرگترش فعلا داره چاپلوسی میکنه,0
(رزرو باشگاه. ۲۶ جولای. یون دونگجو. ساعت ۶:۳۰),0
راستش، من اون رو خریدم,0
جشنواره ملی برنده شدم خریدم,0
به درخواست کیم سوکهیون) (نسبت - برادر بزرگتر,0
چون از بچگی با کتک بزرگ شدم,0
ظاهر اون کاملا با شخصی که تو فیلم ...دوربین مداربسته دیده شده مطابقت داره,0
که گمان میره همونی باشه که تو فیلم دوربین مدار بسته افتاده، لو رفتن,0
‫یه عموی بزرگ دارم که ساکن ایالت اورگنـه,0
‫راستی دیدی برنامهی کتی ویور رو دیدی؟,0
‫از یه فروشگاه توی اریزونا برات خریدمش,0
‫پس، جسپرسون بابای بزرگوار شماست,0
‫بعدشم یه ترامپولین خریدم و,0
‫یه پیک زردرنگ گیتار میبینی,0
‫این فیلم رو سه سال پیش موقعی که ‫پروندهی الایجا رو دست گرفتم،,0
‫قبل از چهارم جولای ‫با تزریق مرگبار اعدام میشد,0
‫پدربزرگم قاتل سریالیـه,0
‫واسه مدرسه فیلمسازی گرفتم، ‫استرس میگیرم,0
‫هیچی. اومده بودم خرید...,0
‫مخصوصا وقتی فیلم اعتراف ‫یه قاتل سریالی محکومشده رو هم,0
‫نکنه همون فیلمی رو میگی که ‫واسم فرستادی؟,0
‫تا تاریخ خریدش رو تصدیق کنه،,0
‫همون بهتر که باباییجونت رو ‫با تزریق مرگبار اعدام کنن,0
‫به این زودی مثل بابابزرگت ‫قانونشکن شدی؟,0
‫یه کسکش روانی بود مثل پدربزرگت,0
‫پدربزرگم رافا یکی از کسایی بود,0
‫براش چندتا چیز زینتی ‫از توی فرودگاه خریدم,0
‫نمیخوان اقرار کنن چه اشتباه بزرگی کردن,0
‫جوری از بچههام حمایت میکنم که,0
‫گفتم که، بزرگتر که شدی ‫میتونی ببینیش,0
‫- میدونستی که پدربزرگ... ‫- بهش نگو پدربزرگ,0
‫چطوری با همچین پدر و مادری بزرگ شدی ‫و خودت اینقدر عادی بار اومدی؟,0
‫قراره کارهای فیلمبرداری و ‫صدا رو انجام بده,0
‫واسه نقاشی خریدار پیدا نشد؟,0
‫- چی؟ چطوری؟ ‫- رنی فیلمهای,0
‫همه چی رو نوشتن و ‫جایزهی پولیتزر نصیبشون شد,0
‫- بابابزرگ ببینه بهت افتخار میکنه ‫- مرسی,0
‫بیشتر خرت و پرتهای بابابزرگ لسـه,0
‫اینو یادم میاد که توی خونهی بابابزرگ بود,0
‫اره، بابابزرگ لس اینو واسه بابا ساخت، ‫وقتی بچه بود,0
‫« اینستاگرام: درخواست فالو از جاش »,0
‫هیزل سرش توی گوشیشـه ‫[پس بابابزرگ واست کفش جدید خریده؟],0
‫پس میشه فیلم بگیریم؟,0
‫میتونید از قفسهها فیلم بگیرید. ‫از کارمندها نه.,0
‫بازخوانی پروندهاش حمایت کنی؟,0
‫مامانبزرگ جون و من... ‫همش برامون سوال بود,0
‫این که مال تو فیلمهاست,0
‫پلیس همین الان اومده بود .دربارهی پدربزرگ امیلی میپرسید,0
‫دارم در مورد مرگ پدربزرگش تحقیق میکنم.,0
‫پدربزرگت رو تو کشتی؟,0
‫مطمئن نیستم تا مدتی دیگه .یه خرید 14 میلیونی دیگه داشته باشیم,0
‫گرفتن یه بسته بزرگ اسناد قانونی,0
‫که باعث شده جک شروع کنه به ‫این تغییرات بزرگ؟,0
‫و یه بخشی از وجودم، یه بخش بزرگش،,0
‫تو یه جور توطئه .علیه پدربزرگش همدست بودن,0
‫میخوام دوباره با مادربزرگش حرف بزنم.,0
‫وقتی این کارو با پدربزرگم کردی چه حسی داشتی؟,0
‫یه دعوای بزرگ راه افتاد.,0
‫تمام دوربینهای بزرگراه همهی دوربینهای مداربسته،، هر دوربینی,0
‫هیچ فیلم مفیدی .برای حذف جورجیا رایت پیدا نکردیم,0
‫عمیقی از پدربزرگت داشتی.,0
"‫به همین دلیله که خون پدربزرگت روی .لباسهایی که تو خونه ""روبن"" پیدا کردیم، بود",0
"‫""روبن مگوایر"" پدربزرگ منو نکشته.",0
کلوب رمزگشایی اسرار همونطور که از اسمش پیداست به دنبال کشف 6 راز بزرگ دانشکده ی ماست,0
تو بیشتر از این نمیتونی خوش تیپ تر بشی، اینترنت از فیلم و عکست پوکیده,0
لطفا احساسات منم درک کن، برادر بزرگ بخشنده,0
میتونم فیلمای این دوربین و ببینم. شاید تصادف شش سال پیش هم توش باشه,0
الاپانی بزرگ، لطفا این افسانهها رو تمومش کن,0
توی یه چرخه حیات بزرگ همهمون بههم وابسته هستیم,0
الاپانی بزرگ، ممنون که وقت گذاشتید,0
بر گروه بزرگ از طبقه کارگر، حکمرانی میکنن,0
پدرم، کانفو، بزرگترین فرد اشو ئه,0
... الان بزرگترین جنگجوی الو,0
خیلی معذرت میخوام اوجووای بزرگ,0
خواهر بزرگ، واقعا مایه مسرتی که اینجا میبینمت,0
بزرگانم یهعالمه داستان برام به ارث گذاشتن,0
دیوارهای بزرگی هستن که یوروبالاند رو جدا میکنن,0
یاداورهای اینکه ما چقدر بزرگ بودیم هم از بین رفته,0
... دستور همچین عملیات بزرگی,0
اوه ... صدراعظم نوروی بزرگ,0
و این ردپاها هم مال یه حیوان بزرگ هستن,0
"یا فلانی از ""بزرگ شدن بریدی""؟",0
بابی، برای بزرگترین و تختترین تلویزیونی که,0
دوست دارم با همهتون خرید کنم.,0
دو تا فیلم راب اشنایدر همزمان رو صفحه.,0
اینا رابین و کری، بزرگترینامون هستن.,0
اوه، کروم میخواید یا زرد کرهای؟,0
خودتونو بزرگ و پر سر و صدا کنید.,0
مثل روشی که پدربزرگم وقتی میره شکار از صدای اردک استفاده میکنه؟,0
بزرگترین هدیه رو بدم:,0
و دارم هر چیزی که در مورد بزرگ کردن بچه میدونم رو بهشون یاد میدم.,0
"بله. و اگه بابی از اون بچههایی باشه که لوان میخواد بزرگ کنه,",0
که وارد دنیا بشه -- احاطه شده توسط یه شبکه حمایتی.,0
تو تو یه مزرعه گندمی. یه نسیم ملایمی میاد...,0
باشه، یه مزرعه گندم پر از نسیم و دردناک.,0
از این مزرعه گندم متنفرم!,0
و شاید یه غرامت بزرگ.,0
بچهها، داشتم تلفنی زر میزدم,0
این بزرگترین افتخاریه که تو عمرم نصیبم میشه.,0
بعد نارنجی روشن، بعد زرد روشن،,0
*واسه جایزه بزرگ قرعهکشی.*,0
شما باک استریکلند بزرگ هستین؟,0
هنک تمام زندگی بزرگسالیشو,0
یه چای سرد مجانی با خرید هر پیشغذا.,0
اون غذا بیجهت پر زرق و برق بود.,0
در طبیعت، هیچ مهارت بقایی بزرگتر از...,0
هیچ مهارت بقایی بزرگتر,0
داشتم فیلم بازی میکردم.,0
میتونست اون برج اب بزرگ روی تو بیوفته,0
اره،اون بزرگه،خیلی اشغاله,0
تو یه اشتباه بزرگ کردی،جنگجوی اژدها,0
‫من تو فیلم دوربین مداربسته ‫ یه مدرکی پیدا کردم,0
‫اوردوز، تزریق انسولین. ‫شاید اصلا ربطی به هم ندارن,0
‫جز دست رو دست گذاشتن تو اون زندان ‫ چه کاری از ادم برمیاد؟,0
‫عجب، میک. دیگه داری مثل ‫ یه ادم بزرگ واقعی رفتار میکنی,0
اما اگه خودش نخواد کسی پیداش کنه از یه حدی بیشتر کاری از دستمون برنمیاد,0
بهنظرت همچین کاری ازش برمیاد؟,0
تماشای اون و مادربزرگت کنار هم دوست نداشتم,0
بابابزرگ جی، باتری نیمقلمی داری؟,0
بابابزرگ، شیرکاکائو حاضره,0
بهنظرم هرکاری ازش برمیاد,0
باید یه کلاه اسکی واست میخریدم تا صورتت رو بپوشونه,0
ببخشید، کاری از دستم بر نمیاد,0
بو هیون مزرعه رو به ارث میبره,0
تبدیل به یه مزرعه گل کنه,0
دارم میرم مزرعه کار کنم,0
همینی که اینجاست؟ - اون یکی زرده -,0
به خاطر همین گفتم باید از تزریق استفاده کنیم,0
میدونی که تزریق وریدی امن ترین گزینه ست,0
اگه رد تزریق هم بمونه ممکنه تو خطر بیفتیم,0
توی یتیم خونه بزرگ شده,0
پنتوباربیتال که به اقای کانگ یون تزریق شد رو چک کردی؟,0
"با تزریق پاولون ""کمکشون"" میکنه بمیرن",0
بعد از تزریق مورفین خوابش برده بود,0
حضور در کوانتیکو برای من شوک فرهنگی بزرگی بود,0
برای رسلر این همیشه سوال بزرگی بود,0
بزرگ بود ؛ اندازه توپ سافتبال,0
یک پیانوی بزرگ در قسمتی از اتاق نشیمن داشت,0
چند برادر بزرگتر داری؟,0
هنر بزرگی لازم بود تا مردم راحت باشند,0
واقعا برای سی.اس.یو یه پیروزی بزرگ بود,0
پروفایل ؛ ما اینجا کار بزرگی انجام میدیم,0
با مرد بزرگی مانند کمپر سر و کار داری؟,0
اون نمیتونست اینقدر بزرگتر از قربانیان باشه,0
یک پیروزی بزرگ برای واحد علوم رفتاری بود,0
که بازرسان شروع به پیوند پرونده ها کردند,0
برای من و برای کل تیم خیلی بزرگ بود,0
از اینکه به طور خاصی خودش رو تبلیغ نمی کنه,0
به فیلمنامه ای درباره یک بچه پولدار که پدر و مادرش رو می کشه,0
باباش خیلی بزرگ به نظر میرسید,0
اما اون بخش بزرگی از این داستانه,0
‫برام یه رزرو ردیف کن,0
‫رزرو دارین؟ ‫‫ بله کانر، میز برای 3 نفر,0
"‫نماهای خارجی در فیلم ""داستانی از برانکس""",0
‫اره، دیروز تو روچستر خریدمش,0
‫خب، با این پول میشه کلی پوشک خرید,0
اگه بابابزرگش بفهمه، فاتحهش خوندهست,0
میشه فیلمهای دیشب رو چک کنم؟,0
کنجکاوم بدونم دوربینهاتون فیلمش رو گرفتن یا نه,0
محض اطلاع، پسر بزرگ و کوچیکت هم هستن,0
‫عین یه گوله برف ‫رفته رفته بزرگتر میشه.,0
‫و تا اون موقع، فکر میکنم ‫باید برامون یه جلسه رزرو کنی.,0
‫یه جلسه رزرو کن. اره.,0
‫لغوش کن، باشه؟ ‫یه وقتی رزرو کن,0
‫میدونی چیه، فقط رزرو کن.,0
جهت اطلاع ‫پسر بزرگتر حاضره. ‫و پسر کوچیکتر.,0
‫به یه مزرعه خوک تو نورفک.,0
‫بزن بریم! بزرگ و مسئول!,0
‫و فکر میکنم باید یه جلسه رزرو کنی.,0
‫کنسلش کن، باشه؟ امم، رزرو کن,0
‫بهت میگم، فقط رزرو کن.,0
‫به یه مزرعه خوک تو نورفولک.,0
یه کلمه از زرهایی که زدید رو نفهمیدم,0
گوشیم رو تازه خریده بودم,0
اگه پدربزرگش بفهمـه، زندهاش نمیذاره,0
خب، نمیتونید برای اون شیر جو بخرید و,0
میشه فیلم دوربینهای مداربستهی دیشب رو ببینم؟,0
چون یه زری میزنی دلیل نمیشه راست باشه,0
‫بذار بگم چه کاری از دستم بر میاد,0
‫به یه مزرعهی پرورش خوک توی نورفولک,0
و همینطور مادربزرگ بونگ یی که برای تمیز کردن خونهاش رفت,0
...به عنوان جوانترین عضو گروه فیلمبرداری,0
از صحنه فیلمبرداری گزارش تهیه کنم,0
چرا وقتی دارم به سختی کار میکنم ازم فیلمبرداری میکنی؟,0
...ادمهای زیادی ازمون حمایت کردن,0
داشتم فیلمنامه رو میخوندم بدبخت شدیم,0
(بونگ یی رفت سر فیلمبرداری),0
حین فیلم برداری رابطت با سونگ گی چطوره؟,0
اما باید اینو بگم که فیلمبرداری هر صحنه خیلی خوش میگذره,0
بزرگترین جذابیت موش چیه؟,0
نمیتونم فیلمنامه رو بخونم,0
توی هر قسمت از محل فیلمبرداری موش) (عشق رو میشه پیدا کرد,0
کارت مهمه، به من توجه نکن من فقط فیلمبرداریمو میکنم,0
افسر جونگ با روم سه عمل بزرگ ...رو پشت سرگذاشته,0
بامزه نیست؟- این بزرگترین نقطه جذابیتشه-,0
از ملت رشوه میگیری؟ اینجا برای یه نفر خیلی بزرگه,0
این قضیه تو دوران بزرگسالیت هم صدق میکنه,0
وقتی بحث کارش باشه مثل بولدوزر همه رو میزنه کنار و خواستهشو عملی میکنه,0
مامان بزرگ، دیگه خسته شدم انقدر که ازش حرف میزنی,0
مامان بزرگم چرا اونجاست؟,0
مادر بزرگ بونگ یی رو میکشه,0
بین تمام روزهای فیلمبرداری اون روز از همه سردتر بود,0
(...بزرگترین سوالی که توی سر بینندههاست),0
زمانی که فیلمنامه رو میخوندم اخر سریال رو هم خوندم,0
هروقت فیلمنامهی جدیدی میخونم نویسنده غافلگیرم میکنه,0
هروقت که فیلمنامهی جدیدی میخونم حسابی تحت تاثیر قرار میگیرم,0
بعد از فیلمبرداری اون سکانس، کاملا از پا افتاده بودم,0
ما همه تلاشمون رو میکنیم تا فیلمبرداری موش تا اخر خوب پیش بره,0
لطفا ما رو دنبال کنید,0
اون چه زری بود دیگه؟,0
جی می جونگ، مادربزرگ بونگ یی,0
همینطور هم مادربزرگ بونگ یی که برای تمیزکردن خونه اش رفت,0
داشتم فیلمنامه رو میخوندم، و اینکه ما تو دردسر افتادیم,0
چی؟ یه عالمه صحنه داره که باید فیلمبرداری کنه,0
(عشق همه جای صحنه فیلمبرداری موش موج میزنه),0
(بونگ یی تی وی اروم بهش نزدیک میشه),0
ما فیلمبرداری رو تو زمستون شروع کردیم,0
!از این نظر، اون داره کار بزرگی رو انجام میده,0
..وقتی صحبت از کارش میشه، اون مثل بولدوزره,0
مادربزرگم اونجا چیکار میکنه؟,0
!بونگ یی مادربزرگش رو از دست میده,0
!وقتی مادربزرگش از دنیا رفت,0
و برای تحقیق روی یه پرونده؛ هر کاری از دستش بربیاد میکنه,0
، وقتی اون صحنه رو فیلمبرداری کردم,0
فیلمبرداری اون صحنه خیلی سخت بود,0
(... بزرگترین سوالی که بیننده ها دارن اینه که),0
تا از کاراگاه کو حمایت کنه,0
بزرگترین سوپرایز اخر قسمت 4 بود,0
بعد از فیلمبرداری اون صحنه؛ کاملا خسته شده بودم,0
.... حمایت پرشور شما,0
بزرگترین ماریه که تو کره زندگی میکنه,0
ملاقات با کسی که چنین کار بزرگی انجام داده باعث افتخار منه,0
مطمئنی که برای ما مکان رزرو کردی؟,0
تو برادر بزرگتر هستی,0
میدونید که جائه هون میخواد وقتی بزرگ شد، پرشک بشه؟,0
فیلمبرداری منطبق با دستورالعملهای کووید 19 بوده و برای بازیگران خردسال همراه با مشاور انجام شده,0
افسر جونگ با روم سه تا عمل بزرگ رو پشت سر گذاشته,0
داروی بیهوشی رو به خانم چوی تزریق میکنم,0
در طول فیلم برداری تمامی پروتکل های کرونا رعایت شده,0
هر کاری از دستمون بر میومد انجام دادیم,0
افسر جانگ با روم سه تا عمل بزرگ داشت,0
کاندید های بیستمین انتخابات ریاست جمهوری امروز کمپین تبلیغاتیشون رو شروع میکنن,0
حزب گوک سان که بزرگترین حزب,0
دوست دارن از همه چی مایه بزارن و یه تیم بزرگ درست کنن,0
چند سالته؟ به اندازه کافی بزرگم,0
هنوزم یه مرجع بزرگ برای پرونده های زیادیه,0
من و اون با هم فیلم میساختیم,0
وکیلی که در مورد فیلمنامه من نصیحت های قانونی میکرد,0
اون نقش اصلی فیلم کوتاهی بود که ساختم,0
نامزدهای بیستمین انتخابات ریاست جمهوری امروز کمپین تبلیغاتیشون رو اغاز میکنن,0
تموم تلاششو میکنه تا یه تیم بزرگ تشکیل بده,0
وکیل مشاوره حقوقی فیلمنامم,0
شرط میبندم با هر کی بهش پیشنهاد فیلم بده بهت خیانت میکنه,0
بخاطر جراحی بزرگ مغزی سیم پیچهاش قاطی شده,0
من فیلم دوربین ماشینو چک کردم,0
وقتی زندانی نخواد کسی ببینه هیچکاری از دست ما برنمیاد,0
فیلمبرداری مطابق با دستور العمل های کرونا بوده و به بازیگران خردسال مشاوره داده شده است,0
منو دیدی که از شر فیلم خلاص بشم؟,0
چون پسر شکارچی بزرگ بودم همه ازم بدشون میومد,0
فیلم جعبه سیاه ماشین با پلاک 6264 از صحنهی خودکشی,0
این اشغالدونی رو ببین چه فیلمی بازی میکنه- سونبه توروخدا بسه-,0
با چشمای خودت دیدی که من فیلمـو انداختم تو مستراح؟,0
مادر بزرگ بونگ یی رو هم تو کشتی اره؟,0
...چاقوی مامان بزرگ بونگ یی رو برداشتم,0
بونگ یی واسه اون چونگ کادو خریده بود و یه سر اومد پیشم,0
مادربزرگت عذاب میکشه، میدونی که؟,0
یعنی مادر بزرگم و پدر گو رو,0
‫پینلی برای دیدن نمایش تئاتر ‫گروه موردعلاقهش بلیط خریده بود،,0
‫باید سریالهای بیشتری دانلود میکردم,0
پینلی بلیت کنسرت گروه موردعلاقهاش رو خریده بود ولی,0
‫گمونم میتونم اینقدر ‫فیلم و سریال ببینم تا باتریم تموم بشه و,0
پینلی بلیط گروه موردعلاقهش رو خریده بود,0
خب، بهنظرم الان باید ازش حمایت کنیم,0
خودم ازت حمایت میکنم,0
گمون کنم میتونستم انقدر فیلم و سریال ببینم تا باطریم تموم بشه,0
باید برنامههای بیشتری رو دانلود میکردم,0
